ID,CPF,Nome,Idade,Data_Cadastro
0,147.258.369-14,Rua Da Lama,18,2000-06-06
2,987.654.321-00,Maria Oliveira,30,2024-12-02
3,456.789.123-64,Carlos Pereira,65,2024-12-03
4,321.987.654-46,Ana Souza,29,2024-12-04
5,654.321.987-46,Pedro Almeida,50,2024-12-05
6,354.624.978-06,Maria Madalena,50,2024-07-10
7,489.357.126-98,Fernanda Costa,32,2024-03-15
8,752.961.438-72,Ricardo Santos,41,2024-11-28
9,164.238.579-34,Amanda Lima,27,2024-06-17
10,935.724.681-45,Lucas Oliveira,38,2024-09-03
11,276.814.953-87,Juliana Pereira,29,2024-02-14
12,418.569.237-19,Gustavo Alves,51,2024-05-22
13,657.283.941-53,Patrícia Mendes,33,2024-08-11
14,823.176.495-28,Rafael Nunes,42,2024-10-05
15,194.827.365-74,Tatiane Dias,26,2024-01-19
16,532.719.684-37,Bruno Carvalho,48,2024-04-30
17,385.142.769-81,Vanessa Souza,31,2024-07-22
18,926.574.318-59,Diego Rodrigues,36,2024-12-12
19,741.638.259-14,Camila Monteiro,39,2024-03-08
20,259.437.186-92,Felipe Gomes,44,2024-06-25
21,673.915.248-76,Larissa Martins,28,2024-09-14
22,487.326.519-63,André Ribeiro,53,2024-11-03
23,815.793.462-38,Isabela Ferreira,25,2024-02-29
24,326.458.791-87,Vitor Almeida,47,2024-05-11
25,964.187.235-71,Daniela Costa,34,2024-08-07
26,138.679.542-96,Leandro Santos,40,2024-10-21
27,579.324.618-42,Marina Lima,30,2024-01-25
28,425.913.768-31,Rodrigo Oliveira,52,2024-04-05
29,786.251.394-85,Caroline Pereira,27,2024-07-18
30,913.564.287-15,Marcos Alves,45,2024-09-27
31,647.198.325-89,Fernanda Mendes,33,2024-12-08
32,358.729.641-27,Thiago Nunes,38,2024-03-12
33,192.837.465-73,Priscila Dias,29,2024-06-09
34,564.123.798-36,Roberto Carvalho,49,2024-08-29
35,879.346.215-84,Amélia Souza,31,2024-11-17
36,236.457.189-52,Renato Rodrigues,42,2024-02-11
37,721.985.346-19,Letícia Monteiro,35,2024-05-03
38,459.217.683-94,Pedro Gomes,41,2024-07-26
39,834.691.572-48,Luciana Martins,26,2024-10-14
40,157.328.496-35,Guilherme Ribeiro,54,2024-01-08
41,698.435.127-81,Tânia Ferreira,32,2024-04-19
42,324.786.519-67,Eduardo Almeida,46,2024-06-30
43,985.167.234-79,Sabrina Costa,37,2024-09-05
44,432.879.651-23,Alex Santos,39,2024-12-22
45,769.318.425-87,Helena Lima,28,2024-03-25
46,213.564.978-54,Paulo Oliveira,50,2024-05-17
47,548.192.367-89,Simone Pereira,33,2024-08-03
48,876.421.593-12,Maurício Alves,43,2024-10-28
49,391.758.246-73,Lorena Mendes,29,2024-02-05
50,627.349.815-36,André Nunes,47,2024-04-27
51,954.178.623-49,Elaine Dias,36,2024-07-14
52,265.497.138-72,Fabiano Carvalho,51,2024-09-19
53,718.536.294-85,Cristiane Souza,30,2024-11-30
54,149.263.587-43,Rogério Rodrigues,44,2024-01-14
55,583.971.462-98,Adriana Monteiro,41,2024-03-07
56,826.415.379-61,Marcelo Gomes,38,2024-05-26
57,357.689.124-79,Vanessa Martins,27,2024-08-15
58,964.238.751-28,José Ribeiro,53,2024-10-09
59,732.581.694-17,Raquel Ferreira,34,2024-12-18
60,481.396.275-93,Carlos Almeida,48,2024-02-22
61,694.753.128-56,Fernanda Costa,31,2024-04-09
62,125.847.369-84,Gustavo Santos,40,2024-06-12
63,468.219.573-92,Tatiana Lima,35,2024-08-24
64,319.785.642-17,Rafael Oliveira,49,2024-10-31
65,857.364.291-45,Patrícia Pereira,32,2024-01-29
66,246.513.789-63,Leandro Alves,46,2024-03-18
67,973.186.425-38,Márcia Mendes,39,2024-05-07
68,514.937.268-74,Diego Nunes,37,2024-07-03
69,392.671.458-26,Amanda Dias,28,2024-09-11
70,785.429.163-89,Roberto Carvalho,52,2024-11-25
71,621.578.394-17,Camila Souza,33,2024-02-13
72,438.915.726-59,Rodrigo Rodrigues,42,2024-04-24
73,869.347.152-84,Juliana Monteiro,36,2024-06-08
74,257.684.913-75,Felipe Gomes,44,2024-08-17
75,936.421.587-32,Larissa Martins,29,2024-10-03
76,184.769.352-97,Vitor Ribeiro,55,2024-12-10
77,752.318.649-21,Beatriz Ferreira,30,2024-01-31
78,365.972.418-73,Daniel Almeida,47,2024-03-29
79,498.123.765-28,Mariana Costa,41,2024-05-15
80,619.435.287-46,Renato Santos,38,2024-07-29
81,837.596.142-59,Isabela Lima,26,2024-09-22
82,256.489.731-84,Thiago Oliveira,50,2024-11-14
83,971.382.465-27,Carolina Pereira,34,2024-02-17
84,348.719.256-93,Gabriel Alves,43,2024-04-02
85,726.854.193-48,Fernanda Mendes,31,2024-06-19
86,495.631.872-16,Marcos Nunes,40,2024-08-08
87,163.297.485-79,Priscila Dias,27,2024-10-12
88,579.124.638-42,Roberto Carvalho,51,2024-12-05
89,824.367.519-67,Amanda Souza,32,2024-01-17
90,432.978.156-38,Rafael Rodrigues,45,2024-03-04
91,685.219.743-91,Luciana Monteiro,39,2024-05-28
92,319.564.827-54,Pedro Gomes,42,2024-07-15
93,746.891.325-87,Vanessa Martins,28,2024-09-03
94,258.437.916-73,Guilherme Ribeiro,53,2024-10-26
95,931.678.245-19,Tânia Ferreira,35,2024-12-15
96,467.385.129-65,José Almeida,49,2024-02-09
97,892.713.564-78,Fernanda Costa,33,2024-04-13
98,375.926.418-32,Gustavo Santos,41,2024-06-22
99,619.847.253-94,Tatiana Lima,36,2024-08-01
100,548.192.376-85,Rafael Oliveira,48,2024-10-07
101,736.458.219-47,Patrícia Pereira,31,2024-11-19
102,924.671.358-26,Leandro Alves,45,2024-01-23
103,387.549.162-79,Márcia Mendes,40,2024-03-14
104,652.198.734-18,Diego Nunes,38,2024-05-05
105,419.763.825-73,Amanda Dias,29,2024-07-12
106,287.435.916-54,Roberto Carvalho,52,2024-09-25
107,834.926.175-68,Camila Souza,34,2024-11-08
108,569.378.214-97,Rodrigo Rodrigues,43,2024-02-28
109,123.789.456-32,Juliana Monteiro,37,2024-04-18
110,456.123.789-64,Felipe Gomes,46,2024-06-07
111,789.456.123-95,Larissa Martins,30,2024-08-14
112,321.654.987-76,Vitor Ribeiro,56,2024-10-02
113,654.987.321-07,Beatriz Ferreira,32,2024-12-11
114,987.321.654-88,Daniel Almeida,50,2024-01-28
115,234.567.891-09,Mariana Costa,42,2024-03-21
116,567.891.234-90,Renato Santos,39,2024-05-14
117,891.234.567-21,Isabela Lima,28,2024-07-23
118,345.678.912-12,Thiago Oliveira,51,2024-09-16
119,678.912.345-43,Carolina Pereira,35,2024-11-05
120,912.345.678-74,Gabriel Alves,44,2024-12-28
121,135.791.357-24,Fernanda Mendes,32,2024-02-15
122,579.135.791-68,Marcos Nunes,41,2024-04-06
123,246.802.468-13,Priscila Dias,31,2024-06-18
124,802.468.135-79,Roberto Carvalho,53,2024-08-05
125,468.135.791-42,Amanda Souza,33,2024-10-19
126,123.456.789-10,Rafael Rodrigues,47,2024-12-03
127,987.654.321-11,Luciana Monteiro,40,2024-01-15
128,456.789.123-22,Pedro Gomes,43,2024-03-08
129,321.987.654-33,Vanessa Martins,29,2024-05-23
130,654.321.987-44,Guilherme Ribeiro,54,2024-07-17
131,111.222.333-55,Tânia Ferreira,36,2024-09-09
132,222.333.444-66,José Almeida,50,2024-11-01
133,333.444.555-77,Fernanda Costa,34,2024-12-24
134,444.555.666-88,Gustavo Santos,42,2024-02-07
135,555.666.777-99,Tatiana Lima,37,2024-04-11
136,666.777.888-00,Rafael Oliveira,49,2024-06-05
137,777.888.999-11,Patrícia Pereira,32,2024-08-28
138,888.999.111-22,Leandro Alves,46,2024-10-15
139,999.111.222-33,Márcia Mendes,41,2024-12-07
140,111.222.333-44,Diego Nunes,39,2024-01-12
141,222.333.444-55,Amanda Dias,30,2024-03-25
142,333.444.555-66,Roberto Carvalho,55,2024-05-19
143,444.555.666-77,Camila Souza,35,2024-07-11
144,555.666.777-88,Rodrigo Rodrigues,44,2024-09-04
145,666.777.888-99,Juliana Monteiro,38,2024-10-27
146,777.888.999-00,Felipe Gomes,47,2024-12-20
147,888.999.111-11,Larissa Martins,31,2024-02-18
148,999.111.222-22,Vitor Ribeiro,57,2024-04-15
149,123.456.780-12,Beatriz Ferreira,33,2024-06-28
150,987.654.320-23,Daniel Almeida,51,2024-08-13
151,456.789.120-34,Mariana Costa,43,2024-10-06
152,321.987.650-45,Renato Santos,40,2024-11-29
153,654.321.980-56,Isabela Lima,29,2024-01-22
154,354.627.980-17,Thiago Oliveira,52,2024-03-11
155,627.980.354-28,Carolina Pereira,36,2024-05-02
156,980.354.627-39,Gabriel Alves,45,2024-07-01
157,354.627.981-40,Fernanda Mendes,34,2024-09-18
158,627.981.354-51,Marcos Nunes,42,2024-11-12
159,981.354.627-62,Priscila Dias,32,2024-12-25
160,354.627.982-73,Roberto Carvalho,56,2024-02-10
161,627.982.354-84,Amanda Souza,37,2024-04-28
162,982.354.627-95,Rafael Rodrigues,48,2024-06-21
163,354.627.983-06,Luciana Monteiro,41,2024-08-16
164,627.983.354-17,Pedro Gomes,44,2024-10-11
165,983.354.627-28,Vanessa Martins,30,2024-12-04
166,354.627.984-39,Guilherme Ribeiro,55,2024-01-18
167,627.984.354-40,Tânia Ferreira,37,2024-03-31
168,984.354.627-51,José Almeida,52,2024-05-25
169,354.627.985-62,Fernanda Costa,35,2024-07-19
170,627.985.354-73,Gustavo Santos,43,2024-09-13
171,985.354.627-84,Tatiana Lima,38,2024-11-06
172,354.627.986-95,Rafael Oliveira,50,2024-12-31
173,627.986.354-06,Patrícia Pereira,33,2024-02-23
174,986.354.627-17,Leandro Alves,47,2024-04-16
175,354.627.987-28,Márcia Mendes,42,2024-06-09
176,627.987.354-39,Diego Nunes,40,2024-08-02
177,987.354.627-40,Amanda Dias,31,2024-09-24
178,354.627.988-51,Roberto Carvalho,57,2024-11-16
179,627.988.354-62,Camila Souza,36,2024-12-29
180,988.354.627-73,Rodrigo Rodrigues,45,2024-01-11
181,354.627.989-84,Juliana Monteiro,39,2024-03-05
182,627.989.354-95,Felipe Gomes,48,2024-05-01
183,989.354.627-06,Larissa Martins,32,2024-06-27
184,354.627.990-17,Vitor Ribeiro,58,2024-08-20
185,627.990.354-28,Beatriz Ferreira,34,2024-10-13
186,990.354.627-39,Daniel Almeida,53,2024-12-06
187,354.627.991-40,Mariana Costa,44,2024-02-01
188,627.991.354-51,Renato Santos,41,2024-04-04
189,991.354.627-62,Isabela Lima,30,2024-05-30
190,354.627.992-73,Thiago Oliveira,54,2024-07-25
191,627.992.354-84,Carolina Pereira,37,2024-09-17
192,992.354.627-95,Gabriel Alves,46,2024-11-10
193,354.627.993-06,Fernanda Mendes,35,2024-12-23
194,627.993.354-17,Marcos Nunes,43,2024-01-09
195,993.354.627-28,Priscila Dias,33,2024-03-02
196,354.627.994-39,Roberto Carvalho,59,2024-04-26
197,627.994.354-40,Amanda Souza,38,2024-06-15
198,994.354.627-51,Rafael Rodrigues,49,2024-08-09
199,354.627.995-62,Luciana Monteiro,42,2024-10-04
200,627.995.354-73,Pedro Gomes,45,2024-11-28
